INSERT INTO `intern_database`.`customer` (`CustomerID`, `CustomerName`, `PhoneNumber`, `Address`, `Email`) VALUES ('C00001', 'Ellary Borrie', '2137975133', 'eborrie0@vkontakte.ru', '446 Waubesa Trail');
INSERT INTO `intern_database`.`customer` (`CustomerID`, `CustomerName`, `PhoneNumber`, `Address`, `Email`) VALUES ('C00002', 'Ryun Benoiton', '1925487730', 'rbenoiton1@instagram.com', '00202 Oak Valley Point');
INSERT INTO `intern_database`.`customer` (`CustomerID`, `CustomerName`, `PhoneNumber`, `Address`, `Email`) VALUES ('C00003', 'Opal Delacourt', '2753087073', 'odelacourt2@jimdo.com', '6 Lunder Crossing');
INSERT INTO `intern_database`.`customer` (`CustomerID`, `CustomerName`, `PhoneNumber`, `Address`, `Email`) VALUES ('C00004', 'Farrell Sisnett', '1651737471', 'fsisnett3@nbcnews.com', '63094 Riverside Plaza');
INSERT INTO `intern_database`.`customer` (`CustomerID`, `CustomerName`, `PhoneNumber`, `Address`, `Email`) VALUES ('C00005', 'Hazlett Toop', '1691697621', 'htoop4@prweb.com', '2 Muir Road');
INSERT INTO `intern_database`.`customer` (`CustomerID`, `CustomerName`, `PhoneNumber`, `Address`, `Email`) VALUES ('C00006', 'Jessalyn Boulds', '3021065087', 'jboulds5@princeton.edu', '3 Merchant Avenue');
INSERT INTO `intern_database`.`customer` (`CustomerID`, `CustomerName`, `PhoneNumber`, `Address`, `Email`) VALUES ('C00007', 'Christabella Reynalds', '8758302164', 'creynalds6@msn.com', '313 Merry Crossing');
INSERT INTO `intern_database`.`customer` (`CustomerID`, `CustomerName`, `PhoneNumber`, `Address`, `Email`) VALUES ('C00008', 'Blake Brumfitt', '5994135810', 'bbrumfitt7@instagram.com', '34 Scofield Road');
INSERT INTO `intern_database`.`customer` (`CustomerID`, `CustomerName`, `PhoneNumber`, `Address`, `Email`) VALUES ('C00009', 'Cordell Brabbins', '2921476536', 'cbrabbins8@hao123.com', '52437 Bluejay Terrace');
INSERT INTO `intern_database`.`customer` (`CustomerID`, `CustomerName`, `PhoneNumber`, `Address`, `Email`) VALUES ('C00010', 'Kerstin Van Velden', '8399069968', 'kvan9@ed.gov', '2 Summer Ridge Place');
INSERT INTO `intern_database`.`customer` (`CustomerID`, `CustomerName`, `PhoneNumber`, `Address`, `Email`) VALUES ('C00011', 'Cristie Sumption', '6412555519', 'csumptiona@webs.com', '6 Petterle Court');
INSERT INTO `intern_database`.`customer` (`CustomerID`, `CustomerName`, `PhoneNumber`, `Address`, `Email`) VALUES ('C00012', 'Obediah Gilluley', '5967241572', 'ogilluleyb@oakley.com', '01 Judy Park');
INSERT INTO `intern_database`.`customer` (`CustomerID`, `CustomerName`, `PhoneNumber`, `Address`, `Email`) VALUES ('C00013', 'Devin MacFadden', '6269580020', 'dmacfaddenc@answers.com', '8 Heffernan Crossing');
INSERT INTO `intern_database`.`customer` (`CustomerID`, `CustomerName`, `PhoneNumber`, `Address`, `Email`) VALUES ('C00014', 'Kelbee Silly', '4627108547', 'ksillyd@slideshare.net', '49 Kennedy Plaza');
INSERT INTO `intern_database`.`customer` (`CustomerID`, `CustomerName`, `PhoneNumber`, `Address`, `Email`) VALUES ('C00015', 'Silas Gogarty', '7077539768', 'sgogartye@cnbc.com', '772 Lyons Crossing');
INSERT INTO `intern_database`.`customer` (`CustomerID`, `CustomerName`, `PhoneNumber`, `Address`, `Email`) VALUES ('C00016', 'Dabshots', '1842013002', 'mnorthrop0@com.com', '20860 Harper Parkway');
INSERT INTO `intern_database`.`customer` (`CustomerID`, `CustomerName`, `PhoneNumber`, `Address`, `Email`) VALUES ('C00017', 'Zooveo', '2039972775', 'ddocwra1@squarespace.com', '3154 Old Gate Way');
INSERT INTO `intern_database`.`customer` (`CustomerID`, `CustomerName`, `PhoneNumber`, `Address`, `Email`) VALUES ('C00018', 'Voolith', '7848482553', 'mhorrell2@lulu.com', '946 Center Terrace');
INSERT INTO `intern_database`.`customer` (`CustomerID`, `CustomerName`, `PhoneNumber`, `Address`, `Email`) VALUES ('C00019', 'Realbuzz', '6472491546', 'rbouttell3@indiatimes.com', '16136 Shelley Center');
INSERT INTO `intern_database`.`customer` (`CustomerID`, `CustomerName`, `PhoneNumber`, `Address`, `Email`) VALUES ('C00020', 'Feedbug', '1883980230', 'kcheley4@cafepress.com', '5022 Lakeland Terrace');

INSERT INTO `intern_database`.`individual` (`CustomerID`, `MemberStatus`) VALUES ('C00001', 'Free');
INSERT INTO `intern_database`.`individual` (`CustomerID`, `MemberStatus`) VALUES ('C00002', 'Free');
INSERT INTO `intern_database`.`individual` (`CustomerID`, `MemberStatus`) VALUES ('C00003', 'Free');
INSERT INTO `intern_database`.`individual` (`CustomerID`, `MemberStatus`) VALUES ('C00004', 'Free');
INSERT INTO `intern_database`.`individual` (`CustomerID`, `MemberStatus`) VALUES ('C00005', 'Free');
INSERT INTO `intern_database`.`individual` (`CustomerID`, `MemberStatus`) VALUES ('C00006', 'Silver');
INSERT INTO `intern_database`.`individual` (`CustomerID`, `MemberStatus`) VALUES ('C00007', 'Silver');
INSERT INTO `intern_database`.`individual` (`CustomerID`, `MemberStatus`) VALUES ('C00008', 'Silver');
INSERT INTO `intern_database`.`individual` (`CustomerID`, `MemberStatus`) VALUES ('C00009', 'Silver');
INSERT INTO `intern_database`.`individual` (`CustomerID`, `MemberStatus`) VALUES ('C00010', 'Silver');
INSERT INTO `intern_database`.`individual` (`CustomerID`, `MemberStatus`) VALUES ('C00011', 'Gold');
INSERT INTO `intern_database`.`individual` (`CustomerID`, `MemberStatus`) VALUES ('C00012', 'Gold');
INSERT INTO `intern_database`.`individual` (`CustomerID`, `MemberStatus`) VALUES ('C00013', 'Gold');
INSERT INTO `intern_database`.`individual` (`CustomerID`, `MemberStatus`) VALUES ('C00014', 'Gold');
INSERT INTO `intern_database`.`individual` (`CustomerID`, `MemberStatus`) VALUES ('C00015', 'Gold');

INSERT INTO `intern_database`.`company` (`CustomerID`, `RepID`) VALUES ('C00016', 'C00006');
INSERT INTO `intern_database`.`company` (`CustomerID`, `RepID`) VALUES ('C00017', 'C00012');
INSERT INTO `intern_database`.`company` (`CustomerID`, `RepID`) VALUES ('C00018', 'C00004');
INSERT INTO `intern_database`.`company` (`CustomerID`, `RepID`) VALUES ('C00019', 'C00002');
INSERT INTO `intern_database`.`company` (`CustomerID`, `RepID`) VALUES ('C00020', 'C00005');

INSERT INTO `intern_database`.`product` (`ProductID`, `ProductName`, `Description`, `InStock`, `Price`) VALUES ('P0001', 'i 250N', 'The i250N & i250C is design to serve start up requirements on most of the new paint shops, its design and features meets price and performance expectation. The canister flexibility provides the available to place 12 to 16 canisters 3 liters each, dispensing 6 colorants simultaneously with an accuracy down to 1/384 fl.oz', '10', '3000');
INSERT INTO `intern_database`.`product` (`ProductID`, `ProductName`, `Description`, `InStock`, `Price`) VALUES ('P0002', 'i 253C', 'The i256C is designed to serve the majority of standard paint shops in design, price and good performance levels. The high canister capacity optimizes high-speed dispensing output. Available up to 20 canisters, 3 or 6 liters. Accuracy down to 1/384 fl.oz', '10', '4000');
INSERT INTO `intern_database`.`product` (`ProductID`, `ProductName`, `Description`, `InStock`, `Price`) VALUES ('P0003', 'i 256C', 'The i256C is designed to serve the majority of standard paint shops in design, price and good performance levels. The high canister capacity optimizes high-speed dispensing output. Available up to 20 canisters, 3 or 6 liters. Accuracy down to 1/384 fl.oz', '15', '4500');
INSERT INTO `intern_database`.`product` (`ProductID`, `ProductName`, `Description`, `InStock`, `Price`) VALUES ('P0004', 'i 352', 'The appealing design of the i352 model paired with the engineering excellence adds great value to every retail environment. Its embedded rotating canister array makes refilling quick and easy, even in a confined paint booth. Accuracy down to 1/384 fl.oz, up to 16 canisters with 3 liters capacity.', '15', '4900');
INSERT INTO `intern_database`.`product` (`ProductID`, `ProductName`, `Description`, `InStock`, `Price`) VALUES ('P0005', 'i 450', 'The i450 model combines cutting-edge dispenser technology with eye-catching design adding value for every paint shop. Its embedded rotating canister array makes refilling quick and easy, even in a confined paint booth. The high canister capacity optimizes high-speed dispensing output. Available up to 24 canisters, 3 or 6 liters. Accuracy down up to 1/384 fl.oz', '20', '5000');
INSERT INTO `intern_database`.`product` (`ProductID`, `ProductName`, `Description`, `InStock`, `Price`) VALUES ('P0006', 'im 3400', 'Fully automatic bi-axial gyroscopic mixer for use in professional paint stores and all kind of retail environments', '5', '2000');
INSERT INTO `intern_database`.`product` (`ProductID`, `ProductName`, `Description`, `InStock`, `Price`) VALUES ('P0007', 'im 3500', 'Mixer designed for any kind of paint', '10', '2500');
INSERT INTO `intern_database`.`product` (`ProductID`, `ProductName`, `Description`, `InStock`, `Price`) VALUES ('P0008', 'im 3501', 'Fully automatic bi-axial gyroscopic mixer for use in professional paint stores and all kind of retail environments', '10', '3000');
INSERT INTO `intern_database`.`product` (`ProductID`, `ProductName`, `Description`, `InStock`, `Price`) VALUES ('P0009', 'im 3510', 'Fully automatic bi-axial gyroscopic mixer for use in professional paint stores and all kind of retail environments', '10', '3500');
INSERT INTO `intern_database`.`product` (`ProductID`, `ProductName`, `Description`, `InStock`, `Price`) VALUES ('P0031', 'S-5065 BT 80%', 'Chemical', '30', '25');
INSERT INTO `intern_database`.`product` (`ProductID`, `ProductName`, `Description`, `InStock`, `Price`) VALUES ('P0032', 'S-5060 80%', 'Chemical', '30', '25');
INSERT INTO `intern_database`.`product` (`ProductID`, `ProductName`, `Description`, `InStock`, `Price`) VALUES ('P0033', 'Macryl 7302 60%', 'Chemical', '30', '25');
INSERT INTO `intern_database`.`product` (`ProductID`, `ProductName`, `Description`, `InStock`, `Price`) VALUES ('P0034', 'Macryl 8246 70%', 'Chemical', '30', '25');
INSERT INTO `intern_database`.`product` (`ProductID`, `ProductName`, `Description`, `InStock`, `Price`) VALUES ('P0035', 'Macester 7333 HV 60%', 'Chemical', '30', '25');
INSERT INTO `intern_database`.`product` (`ProductID`, `ProductName`, `Description`, `InStock`, `Price`) VALUES ('P0036', 'Cobalt Octoate 10%', 'Chemical', '30', '25');
INSERT INTO `intern_database`.`product` (`ProductID`, `ProductName`, `Description`, `InStock`, `Price`) VALUES ('P0038', 'Lead Octoate 32%', 'Chemical', '30', '25');
INSERT INTO `intern_database`.`product` (`ProductID`, `ProductName`, `Description`, `InStock`, `Price`) VALUES ('P0039', 'MEKO', 'Chemical', '30', '25');
INSERT INTO `intern_database`.`product` (`ProductID`, `ProductName`, `Description`, `InStock`, `Price`) VALUES ('P0040', 'Calcium Octoate 10%', 'Chemical', '30', '25');
INSERT INTO `intern_database`.`product` (`ProductID`, `ProductName`, `Description`, `InStock`, `Price`) VALUES ('P0041', 'Manganese Octoat 10%', 'Chemical', '30', '25');
INSERT INTO `intern_database`.`product` (`ProductID`, `ProductName`, `Description`, `InStock`, `Price`) VALUES ('P0042', 'Strontium Octoate 10%', 'Chemical', '30', '25');
INSERT INTO `intern_database`.`product` (`ProductID`, `ProductName`, `Description`, `InStock`, `Price`) VALUES ('P0043', 'Combination 121', 'Chemical', '30', '25');
INSERT INTO `intern_database`.`product` (`ProductID`, `ProductName`, `Description`, `InStock`, `Price`) VALUES ('P0044', 'RH 1033A', 'Chemical', '30', '25');
INSERT INTO `intern_database`.`product` (`ProductID`, `ProductName`, `Description`, `InStock`, `Price`) VALUES ('P0045', 'RH 1023', 'Chemical', '30', '25');
INSERT INTO `intern_database`.`product` (`ProductID`, `ProductName`, `Description`, `InStock`, `Price`) VALUES ('P0046', 'RHT 1006N', 'Chemical', '30', '25');
INSERT INTO `intern_database`.`product` (`ProductID`, `ProductName`, `Description`, `InStock`, `Price`) VALUES ('P0047', 'Dusil 183', 'Chemical', '30', '25');
INSERT INTO `intern_database`.`product` (`ProductID`, `ProductName`, `Description`, `InStock`, `Price`) VALUES ('P0048', 'Dusil PI 7225', 'Chemical', '30', '25');
INSERT INTO `intern_database`.`product` (`ProductID`, `ProductName`, `Description`, `InStock`, `Price`) VALUES ('P0049', 'Zinc sterate ISC 350', 'Chemical', '30', '25');
INSERT INTO `intern_database`.`product` (`ProductID`, `ProductName`, `Description`, `InStock`, `Price`) VALUES ('P0050', 'BKGEL 885', 'Chemical', '30', '25');
INSERT INTO `intern_database`.`product` (`ProductID`, `ProductName`, `Description`, `InStock`, `Price`) VALUES ('P0051', 'BKGEL EZ', 'Chemical', '30', '25');
INSERT INTO `intern_database`.`product` (`ProductID`, `ProductName`, `Description`, `InStock`, `Price`) VALUES ('P0052', 'Talc powder 850', 'Chemical', '30', '25');
INSERT INTO `intern_database`.`product` (`ProductID`, `ProductName`, `Description`, `InStock`, `Price`) VALUES ('P0053', 'Talc powder 1250', 'Chemical', '30', '25');
INSERT INTO `intern_database`.`product` (`ProductID`, `ProductName`, `Description`, `InStock`, `Price`) VALUES ('P0054', '2001P', 'Paint', '30', '20');
INSERT INTO `intern_database`.`product` (`ProductID`, `ProductName`, `Description`, `InStock`, `Price`) VALUES ('P0055', '2002P', 'Paint', '30', '20');
INSERT INTO `intern_database`.`product` (`ProductID`, `ProductName`, `Description`, `InStock`, `Price`) VALUES ('P0056', '2003T', 'Paint', '30', '20');
INSERT INTO `intern_database`.`product` (`ProductID`, `ProductName`, `Description`, `InStock`, `Price`) VALUES ('P0057', '2004T', 'Paint', '30', '20');
INSERT INTO `intern_database`.`product` (`ProductID`, `ProductName`, `Description`, `InStock`, `Price`) VALUES ('P0058', '2005T', 'Paint', '30', '20');
INSERT INTO `intern_database`.`product` (`ProductID`, `ProductName`, `Description`, `InStock`, `Price`) VALUES ('P0059', '2006D', 'Paint', '30', '20');
INSERT INTO `intern_database`.`product` (`ProductID`, `ProductName`, `Description`, `InStock`, `Price`) VALUES ('P0060', '2007C', 'Paint', '30', '20');
INSERT INTO `intern_database`.`product` (`ProductID`, `ProductName`, `Description`, `InStock`, `Price`) VALUES ('P0061', '2008P', 'Paint', '30', '20');
INSERT INTO `intern_database`.`product` (`ProductID`, `ProductName`, `Description`, `InStock`, `Price`) VALUES ('P0062', '2009P', 'Paint', '30', '20');
INSERT INTO `intern_database`.`product` (`ProductID`, `ProductName`, `Description`, `InStock`, `Price`) VALUES ('P0063', '2010P', 'Paint', '30', '20');
INSERT INTO `intern_database`.`product` (`ProductID`, `ProductName`, `Description`, `InStock`, `Price`) VALUES ('P0064', '2011T', 'Paint', '30', '20');
INSERT INTO `intern_database`.`product` (`ProductID`, `ProductName`, `Description`, `InStock`, `Price`) VALUES ('P0065', '2012T', 'Paint', '30', '20');
INSERT INTO `intern_database`.`product` (`ProductID`, `ProductName`, `Description`, `InStock`, `Price`) VALUES ('P0066', '2013D', 'Paint', '30', '20');
INSERT INTO `intern_database`.`product` (`ProductID`, `ProductName`, `Description`, `InStock`, `Price`) VALUES ('P0067', '2014C', 'Paint', '30', '20');
INSERT INTO `intern_database`.`product` (`ProductID`, `ProductName`, `Description`, `InStock`, `Price`) VALUES ('P0068', '2015P', 'Paint', '30', '20');
INSERT INTO `intern_database`.`product` (`ProductID`, `ProductName`, `Description`, `InStock`, `Price`) VALUES ('P0069', '2016P', 'Paint', '30', '20');
INSERT INTO `intern_database`.`product` (`ProductID`, `ProductName`, `Description`, `InStock`, `Price`) VALUES ('P0070', '2017P', 'Paint', '30', '20');

INSERT INTO `intern_database`.`chemical` (`ProductID`, `Type`, `Source`) VALUES ('P0031', 'Alkyd resin', 'India');
INSERT INTO `intern_database`.`chemical` (`ProductID`, `Type`, `Source`) VALUES ('P0032', 'Alkyd resin', 'India');
INSERT INTO `intern_database`.`chemical` (`ProductID`, `Type`, `Source`) VALUES ('P0033', 'Acrylic resin', 'India');
INSERT INTO `intern_database`.`chemical` (`ProductID`, `Type`, `Source`) VALUES ('P0034', 'Acrylic resin', 'India');
INSERT INTO `intern_database`.`chemical` (`ProductID`, `Type`, `Source`) VALUES ('P0035', 'Acrylic resin', 'India');
INSERT INTO `intern_database`.`chemical` (`ProductID`, `Type`, `Source`) VALUES ('P0036', 'Drier', 'Thailand');
INSERT INTO `intern_database`.`chemical` (`ProductID`, `Type`, `Source`) VALUES ('P0038', 'Drier', 'Thailand');
INSERT INTO `intern_database`.`chemical` (`ProductID`, `Type`, `Source`) VALUES ('P0039', 'Drier', 'Thailand');
INSERT INTO `intern_database`.`chemical` (`ProductID`, `Type`, `Source`) VALUES ('P0040', 'Drier', 'Thailand');
INSERT INTO `intern_database`.`chemical` (`ProductID`, `Type`, `Source`) VALUES ('P0041', 'Drier', 'Thailand');
INSERT INTO `intern_database`.`chemical` (`ProductID`, `Type`, `Source`) VALUES ('P0042', 'Drier', 'Thailand');
INSERT INTO `intern_database`.`chemical` (`ProductID`, `Type`, `Source`) VALUES ('P0043', 'Drier', 'Thailand');
INSERT INTO `intern_database`.`chemical` (`ProductID`, `Type`, `Source`) VALUES ('P0044', 'Leveling', 'Italy');
INSERT INTO `intern_database`.`chemical` (`ProductID`, `Type`, `Source`) VALUES ('P0045', 'Leveling', 'Italy');
INSERT INTO `intern_database`.`chemical` (`ProductID`, `Type`, `Source`) VALUES ('P0046', 'Leveling', 'Italy');
INSERT INTO `intern_database`.`chemical` (`ProductID`, `Type`, `Source`) VALUES ('P0047', 'Matting agent', 'Italy');
INSERT INTO `intern_database`.`chemical` (`ProductID`, `Type`, `Source`) VALUES ('P0048', 'Matting agent', 'Italy');
INSERT INTO `intern_database`.`chemical` (`ProductID`, `Type`, `Source`) VALUES ('P0049', 'Matting agent', 'Italy');
INSERT INTO `intern_database`.`chemical` (`ProductID`, `Type`, `Source`) VALUES ('P0050', 'Bentonite/wax', 'Italy');
INSERT INTO `intern_database`.`chemical` (`ProductID`, `Type`, `Source`) VALUES ('P0051', 'Bentonite/wax', 'Italy');
INSERT INTO `intern_database`.`chemical` (`ProductID`, `Type`, `Source`) VALUES ('P0052', 'Talc powder', 'Italy');
INSERT INTO `intern_database`.`chemical` (`ProductID`, `Type`, `Source`) VALUES ('P0053', 'Talc powder', 'Italy');

INSERT INTO `intern_database`.`paint` (`ProductID`, `RedIndex`, `GreenIndex`, `BlueIndex`, `Base`, `Fandeck`, `Size`, `Note`) VALUES ('P0054', '245', '238', '206', 'Bong Ex-A', 'Quat mau', '1', 'None');
INSERT INTO `intern_database`.`paint` (`ProductID`, `RedIndex`, `GreenIndex`, `BlueIndex`, `Base`, `Fandeck`, `Size`, `Note`) VALUES ('P0055', '246', '237', '189', 'Bong Ex-A', 'Quat mau', '1', 'None');
INSERT INTO `intern_database`.`paint` (`ProductID`, `RedIndex`, `GreenIndex`, `BlueIndex`, `Base`, `Fandeck`, `Size`, `Note`) VALUES ('P0056', '239', '226', '156', 'Bong Ex-B', 'Quat mau', '1', 'None');
INSERT INTO `intern_database`.`paint` (`ProductID`, `RedIndex`, `GreenIndex`, `BlueIndex`, `Base`, `Fandeck`, `Size`, `Note`) VALUES ('P0057', '237', '222', '143', 'Bong Ex-B', 'Quat mau', '1', 'None');
INSERT INTO `intern_database`.`paint` (`ProductID`, `RedIndex`, `GreenIndex`, `BlueIndex`, `Base`, `Fandeck`, `Size`, `Note`) VALUES ('P0058', '235', '219', '134', 'Bong Ex-B', 'Quat mau', '1', 'None');
INSERT INTO `intern_database`.`paint` (`ProductID`, `RedIndex`, `GreenIndex`, `BlueIndex`, `Base`, `Fandeck`, `Size`, `Note`) VALUES ('P0059', '218', '198', '91', 'Bong Ex-C', 'Quat mau', '1', 'None');
INSERT INTO `intern_database`.`paint` (`ProductID`, `RedIndex`, `GreenIndex`, `BlueIndex`, `Base`, `Fandeck`, `Size`, `Note`) VALUES ('P0060', '185', '163', '47', 'Bong Ex-D', 'Quat mau', '1', 'None');
INSERT INTO `intern_database`.`paint` (`ProductID`, `RedIndex`, `GreenIndex`, `BlueIndex`, `Base`, `Fandeck`, `Size`, `Note`) VALUES ('P0061', '244', '240', '220', 'Bong Ex-A', 'Quat mau', '1', 'None');
INSERT INTO `intern_database`.`paint` (`ProductID`, `RedIndex`, `GreenIndex`, `BlueIndex`, `Base`, `Fandeck`, `Size`, `Note`) VALUES ('P0062', '246', '240', '202', 'Bong Ex-A', 'Quat mau', '1', 'None');
INSERT INTO `intern_database`.`paint` (`ProductID`, `RedIndex`, `GreenIndex`, `BlueIndex`, `Base`, `Fandeck`, `Size`, `Note`) VALUES ('P0063', '248', '238', '178', 'Bong Ex-A', 'Quat mau', '1', 'None');
INSERT INTO `intern_database`.`paint` (`ProductID`, `RedIndex`, `GreenIndex`, `BlueIndex`, `Base`, `Fandeck`, `Size`, `Note`) VALUES ('P0064', '249', '236', '157', 'Bong Ex-B', 'Quat mau', '1', 'None');
INSERT INTO `intern_database`.`paint` (`ProductID`, `RedIndex`, `GreenIndex`, `BlueIndex`, `Base`, `Fandeck`, `Size`, `Note`) VALUES ('P0065', '252', '231', '123', 'Bong Ex-B', 'Quat mau', '1', 'None');
INSERT INTO `intern_database`.`paint` (`ProductID`, `RedIndex`, `GreenIndex`, `BlueIndex`, `Base`, `Fandeck`, `Size`, `Note`) VALUES ('P0066', '250', '220', '76', 'Bong Ex-C', 'Quat mau', '1', 'None');
INSERT INTO `intern_database`.`paint` (`ProductID`, `RedIndex`, `GreenIndex`, `BlueIndex`, `Base`, `Fandeck`, `Size`, `Note`) VALUES ('P0067', '246', '204', '4', 'Bong Ex-D', 'Quat mau', '1', 'None');
INSERT INTO `intern_database`.`paint` (`ProductID`, `RedIndex`, `GreenIndex`, `BlueIndex`, `Base`, `Fandeck`, `Size`, `Note`) VALUES ('P0068', '244', '241', '222', 'Bong Ex-A', 'Quat mau', '1', 'None');
INSERT INTO `intern_database`.`paint` (`ProductID`, `RedIndex`, `GreenIndex`, `BlueIndex`, `Base`, `Fandeck`, `Size`, `Note`) VALUES ('P0069', '245', '239', '209', 'Bong Ex-A', 'Quat mau', '1', 'None');
INSERT INTO `intern_database`.`paint` (`ProductID`, `RedIndex`, `GreenIndex`, `BlueIndex`, `Base`, `Fandeck`, `Size`, `Note`) VALUES ('P0070', '248', '236', '184', 'Bong Ex-A', 'Quat mau', '1', 'None');

INSERT INTO `intern_database`.`canister` (`ProductID`, `CanisterCode`, `Volume`) VALUES ('P0054', 'C', '0.98');
INSERT INTO `intern_database`.`canister` (`ProductID`, `CanisterCode`, `Volume`) VALUES ('P0054', 'D', '0.07');
INSERT INTO `intern_database`.`canister` (`ProductID`, `CanisterCode`, `Volume`) VALUES ('P0054', 'AN', '0.98');
INSERT INTO `intern_database`.`canister` (`ProductID`, `CanisterCode`, `Volume`) VALUES ('P0055', 'C', '0.16');
INSERT INTO `intern_database`.`canister` (`ProductID`, `CanisterCode`, `Volume`) VALUES ('P0055', 'D', '0.23');
INSERT INTO `intern_database`.`canister` (`ProductID`, `CanisterCode`, `Volume`) VALUES ('P0055', 'AN', '1.55');
INSERT INTO `intern_database`.`canister` (`ProductID`, `CanisterCode`, `Volume`) VALUES ('P0056', 'C', '1.33');
INSERT INTO `intern_database`.`canister` (`ProductID`, `CanisterCode`, `Volume`) VALUES ('P0056', 'D', '1.24');
INSERT INTO `intern_database`.`canister` (`ProductID`, `CanisterCode`, `Volume`) VALUES ('P0056', 'AN', '0.53');
INSERT INTO `intern_database`.`canister` (`ProductID`, `CanisterCode`, `Volume`) VALUES ('P0057', 'C', '1.8');
INSERT INTO `intern_database`.`canister` (`ProductID`, `CanisterCode`, `Volume`) VALUES ('P0057', 'D', '1.56');
INSERT INTO `intern_database`.`canister` (`ProductID`, `CanisterCode`, `Volume`) VALUES ('P0057', 'AN', '1.89');
INSERT INTO `intern_database`.`canister` (`ProductID`, `CanisterCode`, `Volume`) VALUES ('P0058', 'C', '0.34');
INSERT INTO `intern_database`.`canister` (`ProductID`, `CanisterCode`, `Volume`) VALUES ('P0058', 'D', '1.69');
INSERT INTO `intern_database`.`canister` (`ProductID`, `CanisterCode`, `Volume`) VALUES ('P0058', 'AN', '1.74');
INSERT INTO `intern_database`.`canister` (`ProductID`, `CanisterCode`, `Volume`) VALUES ('P0059', 'D', '1.29');
INSERT INTO `intern_database`.`canister` (`ProductID`, `CanisterCode`, `Volume`) VALUES ('P0059', 'L', '1.91');
INSERT INTO `intern_database`.`canister` (`ProductID`, `CanisterCode`, `Volume`) VALUES ('P0059', 'AN', '0.39');
INSERT INTO `intern_database`.`canister` (`ProductID`, `CanisterCode`, `Volume`) VALUES ('P0060', 'C', '0.61');
INSERT INTO `intern_database`.`canister` (`ProductID`, `CanisterCode`, `Volume`) VALUES ('P0060', 'L', '0.5');
INSERT INTO `intern_database`.`canister` (`ProductID`, `CanisterCode`, `Volume`) VALUES ('P0060', 'AN', '0.81');
INSERT INTO `intern_database`.`canister` (`ProductID`, `CanisterCode`, `Volume`) VALUES ('P0061', 'C', '0.06');
INSERT INTO `intern_database`.`canister` (`ProductID`, `CanisterCode`, `Volume`) VALUES ('P0061', 'L', '0.61');
INSERT INTO `intern_database`.`canister` (`ProductID`, `CanisterCode`, `Volume`) VALUES ('P0061', 'AN', '0.88');
INSERT INTO `intern_database`.`canister` (`ProductID`, `CanisterCode`, `Volume`) VALUES ('P0062', 'C', '1.33');
INSERT INTO `intern_database`.`canister` (`ProductID`, `CanisterCode`, `Volume`) VALUES ('P0062', 'L', '1.79');
INSERT INTO `intern_database`.`canister` (`ProductID`, `CanisterCode`, `Volume`) VALUES ('P0062', 'AN', '2.34');
INSERT INTO `intern_database`.`canister` (`ProductID`, `CanisterCode`, `Volume`) VALUES ('P0063', 'C', '0.57');
INSERT INTO `intern_database`.`canister` (`ProductID`, `CanisterCode`, `Volume`) VALUES ('P0063', 'AN', '0.79');
INSERT INTO `intern_database`.`canister` (`ProductID`, `CanisterCode`, `Volume`) VALUES ('P0064', 'C', '0.95');
INSERT INTO `intern_database`.`canister` (`ProductID`, `CanisterCode`, `Volume`) VALUES ('P0064', 'AN', '1.52');
INSERT INTO `intern_database`.`canister` (`ProductID`, `CanisterCode`, `Volume`) VALUES ('P0065', 'E', '0.44');
INSERT INTO `intern_database`.`canister` (`ProductID`, `CanisterCode`, `Volume`) VALUES ('P0065', 'AN', '0.84');
INSERT INTO `intern_database`.`canister` (`ProductID`, `CanisterCode`, `Volume`) VALUES ('P0066', 'C', '1.43');
INSERT INTO `intern_database`.`canister` (`ProductID`, `CanisterCode`, `Volume`) VALUES ('P0066', 'E', '1.81');
INSERT INTO `intern_database`.`canister` (`ProductID`, `CanisterCode`, `Volume`) VALUES ('P0066', 'AN', '0.93');
INSERT INTO `intern_database`.`canister` (`ProductID`, `CanisterCode`, `Volume`) VALUES ('P0067', 'C', '1.84');
INSERT INTO `intern_database`.`canister` (`ProductID`, `CanisterCode`, `Volume`) VALUES ('P0067', 'L', '1.13');
INSERT INTO `intern_database`.`canister` (`ProductID`, `CanisterCode`, `Volume`) VALUES ('P0067', 'AN', '0.32');
INSERT INTO `intern_database`.`canister` (`ProductID`, `CanisterCode`, `Volume`) VALUES ('P0068', 'C', '0.43');
INSERT INTO `intern_database`.`canister` (`ProductID`, `CanisterCode`, `Volume`) VALUES ('P0068', 'D', '0.57');
INSERT INTO `intern_database`.`canister` (`ProductID`, `CanisterCode`, `Volume`) VALUES ('P0068', 'T', '3.15');
INSERT INTO `intern_database`.`canister` (`ProductID`, `CanisterCode`, `Volume`) VALUES ('P0069', 'C', '0.53');
INSERT INTO `intern_database`.`canister` (`ProductID`, `CanisterCode`, `Volume`) VALUES ('P0069', 'T', '0.75');
INSERT INTO `intern_database`.`canister` (`ProductID`, `CanisterCode`, `Volume`) VALUES ('P0069', 'AN', '1.95');
INSERT INTO `intern_database`.`canister` (`ProductID`, `CanisterCode`, `Volume`) VALUES ('P0070', 'C', '0.9');
INSERT INTO `intern_database`.`canister` (`ProductID`, `CanisterCode`, `Volume`) VALUES ('P0070', 'D', '0.89');
INSERT INTO `intern_database`.`canister` (`ProductID`, `CanisterCode`, `Volume`) VALUES ('P0070', 'T', '1.95');

INSERT INTO `intern_database`.`dispencer` (`ProductID`, `Type`, `Technology`, `Canmaterial`, `Numofcan`, `Pumpsize`, `Accuracy`, `Timer`, `Handling`, `Suckback`, `Netweight`, `Powersupply`) VALUES ('P0001', 'Simultaneous', 'Piston Pump', '2.4 ltr Nylon 66 solvent resistant', '16', '60', '0.07', 'Electric', 'Manual', 'Available', '146', '110 – 120 V / 220 – 240 V');
INSERT INTO `intern_database`.`dispencer` (`ProductID`, `Type`, `Technology`, `Canmaterial`, `Numofcan`, `Pumpsize`, `Accuracy`, `Timer`, `Handling`, `Suckback`, `Netweight`, `Powersupply`) VALUES ('P0002', 'Simultaneous', 'Fish Tail Mixing', '2.4 ltr Nylon 66 solvent resistant', '18', '120', '0.07', 'Laser', 'Manual', 'Available', '184', '110 – 120 V / 220 – 240 V');
INSERT INTO `intern_database`.`dispencer` (`ProductID`, `Type`, `Technology`, `Canmaterial`, `Numofcan`, `Pumpsize`, `Accuracy`, `Timer`, `Handling`, `Suckback`, `Netweight`, `Powersupply`) VALUES ('P0003', 'Simultaneous', 'Automatic', '2.4 ltr Nylon 66 solvent resistant', '16', '60', '0.07', 'Humidifier Auto Cap', 'Manual', 'Available', '146', '110 – 120 V / 220 – 240 V');
INSERT INTO `intern_database`.`dispencer` (`ProductID`, `Type`, `Technology`, `Canmaterial`, `Numofcan`, `Pumpsize`, `Accuracy`, `Timer`, `Handling`, `Suckback`, `Netweight`, `Powersupply`) VALUES ('P0004', 'Simultaneous', 'Automatic', '2.4 ltr Nylon 66 solvent resistant', '16', '60', '0.07', 'Humidifier Auto Cap', 'Hydraulic', 'Available', '270', '110 – 120 V / 220 – 240 V');
INSERT INTO `intern_database`.`dispencer` (`ProductID`, `Type`, `Technology`, `Canmaterial`, `Numofcan`, `Pumpsize`, `Accuracy`, `Timer`, `Handling`, `Suckback`, `Netweight`, `Powersupply`) VALUES ('P0005', 'Simultaneous', 'Fish Tail Mixing', '2.4 ltr Nylon 66 solvent resistant', '24', '60', '0.07', 'Humidifier Auto Cap', 'Hydraulic', 'Available', '298', '110 – 120 V / 220 – 240 V');

INSERT INTO `intern_database`.`mixer` (`ProductID`, `Maxload`, `Cantype`, `Maxheight`, `Minheight`, `Maxdiameter`, `MixerType`, `Powersupply`, `Clamping`, `Mixerspeed`, `Nominalpower`, `Maxnoise`) VALUES ('P0006', '40', 'Round / oval / square', '435', '80', '380', '3-speed gyroscopic mixer', '110 – 120 V / 220 – 240 V', 'Manual', '110', '1.1 kw', '70 dB');
INSERT INTO `intern_database`.`mixer` (`ProductID`, `Maxload`, `Cantype`, `Maxheight`, `Minheight`, `Maxdiameter`, `MixerType`, `Powersupply`, `Clamping`, `Mixerspeed`, `Nominalpower`, `Maxnoise`) VALUES ('P0007', '40', 'Round / oval / square', '435', '80', '380', 'Fully Automatic Gyroscopic Mixer', '111 – 120 V / 220 – 240 V', 'Automatic', '110', '1.2 kw', '70 dB');
INSERT INTO `intern_database`.`mixer` (`ProductID`, `Maxload`, `Cantype`, `Maxheight`, `Minheight`, `Maxdiameter`, `MixerType`, `Powersupply`, `Clamping`, `Mixerspeed`, `Nominalpower`, `Maxnoise`) VALUES ('P0008', '40', 'Round / oval / square', '435', '80', '380', 'Fully Automatic Gyroscopic Mixer', '111 – 120 V / 220 – 240 V', 'Automatic', '110', '1.2 kw', '70 dB');
INSERT INTO `intern_database`.`mixer` (`ProductID`, `Maxload`, `Cantype`, `Maxheight`, `Minheight`, `Maxdiameter`, `MixerType`, `Powersupply`, `Clamping`, `Mixerspeed`, `Nominalpower`, `Maxnoise`) VALUES ('P0009', '40', 'Round / oval / square', '410', '90', '380', 'Fully Automatic Gyroscopic Mixer', '111 – 120 V / 220 – 240 V', 'Automatic', '110', '1.2 kw', '70 dB');

INSERT INTO `intern_database`.`purchase` (`PurchaseID`, `CustomerID`, `OrderDate`, `Cost`, `Discount`, `TotalPrice`) VALUES ('M0001', 'C00016', '2022-02-14', '13000', '15', '11050');
INSERT INTO `intern_database`.`purchase` (`PurchaseID`, `CustomerID`, `OrderDate`, `Cost`, `Discount`, `TotalPrice`) VALUES ('M0002', 'C00004', '2022-03-15', '3000', '5', '2850');
INSERT INTO `intern_database`.`purchase` (`PurchaseID`, `CustomerID`, `OrderDate`, `Cost`, `Discount`, `TotalPrice`) VALUES ('M0003', 'C00010', '2022-02-16', '2000', '5', '1900');
INSERT INTO `intern_database`.`purchase` (`PurchaseID`, `CustomerID`, `OrderDate`, `Cost`, `Discount`, `TotalPrice`) VALUES ('M0004', 'C00019', '2022-02-28', '20000', '15', '17000');
INSERT INTO `intern_database`.`purchase` (`PurchaseID`, `CustomerID`, `OrderDate`, `Cost`, `Discount`, `TotalPrice`) VALUES ('M0005', 'C00020', '2022-03-01', '30000', '15', '25500');

INSERT INTO `intern_database`.`listproduct` (`PurchaseID`, `ProductID`, `Amount`) VALUES ('M0001', 'P0008', '2');
INSERT INTO `intern_database`.`listproduct` (`PurchaseID`, `ProductID`, `Amount`) VALUES ('M0001', 'P0009', '2');
INSERT INTO `intern_database`.`listproduct` (`PurchaseID`, `ProductID`, `Amount`) VALUES ('M0002', 'P0054', '30');
INSERT INTO `intern_database`.`listproduct` (`PurchaseID`, `ProductID`, `Amount`) VALUES ('M0002', 'P0058', '15');
INSERT INTO `intern_database`.`listproduct` (`PurchaseID`, `ProductID`, `Amount`) VALUES ('M0002', 'P0064', '40');
INSERT INTO `intern_database`.`listproduct` (`PurchaseID`, `ProductID`, `Amount`) VALUES ('M0002', 'P0069', '25');
INSERT INTO `intern_database`.`listproduct` (`PurchaseID`, `ProductID`, `Amount`) VALUES ('M0002', 'P0063', '40');
INSERT INTO `intern_database`.`listproduct` (`PurchaseID`, `ProductID`, `Amount`) VALUES ('M0003', 'P0043', '10');
INSERT INTO `intern_database`.`listproduct` (`PurchaseID`, `ProductID`, `Amount`) VALUES ('M0003', 'P0044', '25');
INSERT INTO `intern_database`.`listproduct` (`PurchaseID`, `ProductID`, `Amount`) VALUES ('M0003', 'P0036', '30');
INSERT INTO `intern_database`.`listproduct` (`PurchaseID`, `ProductID`, `Amount`) VALUES ('M0003', 'P0034', '15');
INSERT INTO `intern_database`.`listproduct` (`PurchaseID`, `ProductID`, `Amount`) VALUES ('M0004', 'P0005', '4');
INSERT INTO `intern_database`.`listproduct` (`PurchaseID`, `ProductID`, `Amount`) VALUES ('M0005', 'P0005', '2');
INSERT INTO `intern_database`.`listproduct` (`PurchaseID`, `ProductID`, `Amount`) VALUES ('M0005', 'P0008', '3');
INSERT INTO `intern_database`.`listproduct` (`PurchaseID`, `ProductID`, `Amount`) VALUES ('M0005', 'P0009', '2');
INSERT INTO `intern_database`.`listproduct` (`PurchaseID`, `ProductID`, `Amount`) VALUES ('M0005', 'P0060', '50');
INSERT INTO `intern_database`.`listproduct` (`PurchaseID`, `ProductID`, `Amount`) VALUES ('M0005', 'P0064', '50');
INSERT INTO `intern_database`.`listproduct` (`PurchaseID`, `ProductID`, `Amount`) VALUES ('M0005', 'P0068', '50');
INSERT INTO `intern_database`.`listproduct` (`PurchaseID`, `ProductID`, `Amount`) VALUES ('M0005', 'P0058', '50');
